Number of active threads,Average JDBC Request2,JDBC Request2
1,,4245.0
2,,13343.0
3,,4865.0
4,,10343.0
5,,16894.0
6,,5876.0
7,,10926.666666666666
8,,9146.0
9,,12228.0
10,,19702.333333333332
11,,24807.0
12,,30729.5
13,,15283.0
14,,19580.555555555555
15,,22947.4
16,,23551.117647058825
17,,15720.6
18,,20692.5
19,,20949.5
20,,10000.5
21,,10000.5
22,,18839.2
43,14982.243999999997,
46,,10006.0
47,,10002.57142857143
49,,10001.0
50,,14297.992146596855
