Number of active threads,Average JDBC Request2,JDBC Request2
1,,67364.0
2,,71920.0
3,,31801.0
4,,68073.0
5,,37989.0
6,,27522.0
7,,68454.25
8,,83946.15384615384
9,,47024.0
10,,47645.0
11,,62494.16
41,24302.508000000005,
44,,10001.333333333334
45,,10000.92857142857
47,,10001.636363636364
48,,10001.2
49,,10000.8
50,,14622.055555555544
