Number of active threads,Average JDBC Request2,JDBC Request2
1,,0.014844724185024642
2,,0.027808676307007785
3,,0.09433665607999749
4,,0.05876044834222085
5,,0.1316170470399326
6,,0.21800741225201656
7,,0.10985010458266356
8,,0.09978647726453857
9,,0.19139162980605648
10,,0.209885612341274
11,,0.3738039218354753
41,3.4631031639638343,
44,,4.399413421318669
45,,4.499582197491967
47,,4.699231088494198
48,,4.799424115171208
49,,4.899608039196081
50,,4.181285940381677
