Number of active threads,Average JDBC Request,JDBC Request
1,,8599.0
2,,8756.0
3,,20606.0
4,,25922.0
5,,32969.5
6,,24949.0
7,,21856.0
8,,18678.0
9,,34083.0
10,,23877.0
11,,10000.0
12,,28914.0
13,,30028.0
14,,28760.5
15,,28399.0
16,,22597.8
17,,10000.5
18,,26402.64285714286
19,,11508.777777777777
36,,10002.0
38,,10001.5
39,,10000.0
40,,10001.666666666666
41,,10000.75
42,26571.056,
43,,10001.0
48,,10001.285714285714
49,,10001.166666666666
50,,30970.29411764706
