Number of active threads,Average JDBC Request2,JDBC Request2
1,,0.02652379184128163
2,,0.07017543859649122
3,0.12317593082212097,0.1243574863206765
4,,0.17360357623367043
5,,0.22121936111848509
