Number of active threads,Average JDBC Request,JDBC Request
1,,0.014581723268055818
2,,0.02998725541644801
3,0.04764031550392737,0.0461510060919328
4,,0.061674144656706294
5,,0.0858074480864939
