Number of active threads,Average JDBC Request2,JDBC Request2
1,,0.008949907368458736
2,,0.018502243397011887
3,0.030819390277445662,0.029537443632711734
4,,0.04059677255658175
5,,0.0565105844324642
