Number of active threads,Average JDBC Request,JDBC Request
1,,0.008689154197730392
2,,0.019078690057140676
3,0.032846174642937015,0.03334593068492542
4,,0.04535970244035199
5,,0.05775739583453661
