Number of active threads,Average JDBC Request2,JDBC Request2
1,,0.06173982836327715
2,,0.12266928361138371
3,0.18421122131545217,0.18166404263049535
4,,0.25515085794475983
5,,0.2998320940273447
