Number of active threads,Average JDBC Request,JDBC Request
1,,0.07891414141414141
2,,0.15505077913016513
3,0.2339556950300584,0.22886786695148
4,,0.30021014710297206
5,,0.4067355405515334
