Number of active threads,Average JDBC Request2,JDBC Request2
1,,0.02355435166647038
3,,0.04927173680321082
4,,0.052141328060312575
6,,0.05336084381281016
8,,0.04679688730951011
10,,0.048175332389728195
38,,3.8
40,,4.0
41,,4.1
43,,4.298366739227818
44,3.8087624416894537,4.3989002859230215
45,,4.499400149958013
47,,4.7
48,,4.799786687997868
49,,4.899510048995101
50,,4.273676111756511
