Number of active threads,Average JDBC Request2,JDBC Request2
1,,42455.0
3,,64982.333333333336
4,,87776.5
6,,112442.0
8,,177387.5
10,,208276.8
38,,10000.0
40,,10000.0
41,,10000.0
43,,10003.8
44,30630.01321585903,10002.5
45,,10001.333333333334
47,,10000.0
48,,10000.444444444445
49,,10001.0
50,,13524.172839506176
