Number of active threads,Average JDBC Request,JDBC Request
1,,48619.0
3,,95171.0
4,,133307.0
5,,113577.0
9,,125474.0
10,,155445.47368421053
16,,10001.666666666666
20,,10000.0
25,,10001.0
26,,10001.0
27,,10001.0
34,,10000.714285714286
38,,10001.0
41,,10001.0
42,27497.937777777777,
44,,10001.0
50,,13518.584337349392
