Number of active threads,Average JDBC Request,JDBC Request
1,,0.020568090664143647
3,,0.03152220739510986
4,,0.03003283136634482
5,,0.04402299761395353
9,,0.07172800739595454
10,,0.06460274906793344
16,,1.5997333813242685
20,,2.0
25,,2.4997500249975
26,,2.5997400259974004
27,,2.6997300269973
34,,3.3997571671404287
38,,3.7996200379962004
41,,4.0995900409959
42,3.611631357113922,
44,,4.3995600439956
50,,4.2847641271666825
