Number of active threads,Average JDBC Request2,JDBC Request2
1,,0.01597724839828085
2,,0.03668176732754984
3,0.10107182498474361,0.05793742757821553
4,,0.1720356113715539
5,,0.22272707024811797
