Number of active threads,Average JDBC Request,JDBC Request
1,,0.00916791961568081
2,,0.025445616356442192
3,0.039979055052982354,0.03987717829086414
4,,0.053872779431372815
5,,0.0715317815705518
