Number of active threads,Average JDBC Request2,JDBC Request2
1,,0.04050058725851525
2,,0.10733068584308254
3,0.1647385803356228,0.1675416061655311
4,,0.22043425548330212
5,,0.2878857669276831
