Number of active threads,Average JDBC Request,JDBC Request
1,,0.056747247758483714
2,,0.11759863585582407
3,0.18999982052518705,0.1739533804940276
5,,0.3008499192587999
